,Link,Name,Spots
72377,/camping/ackerman-campground/r/facilityDetails.do?contractCode=NRSO&parkId=72377,ACKERMAN CAMPGROUND,18
73494,/camping/acorn-campground/r/facilityDetails.do?contractCode=NRSO&parkId=73494,ACORN CAMPGROUND,122
70158,/camping/agnew-meadows-group-camp/r/facilityDetails.do?contractCode=NRSO&parkId=70158,AGNEW MEADOWS GROUP CAMP,0
70528,/camping/almanor/r/facilityDetails.do?contractCode=NRSO&parkId=70528,ALMANOR,0
72376,/camping/alpine-view-campground/r/facilityDetails.do?contractCode=NRSO&parkId=72376,ALPINE VIEW CAMPGROUND,21
70984,/camping/anacapa-island/r/facilityDetails.do?contractCode=NRSO&parkId=70984,ANACAPA ISLAND,7
120003,/camping/angel-island-sp/r/facilityDetails.do?contractCode=CA&parkId=120003,ANGEL ISLAND SP,0
110004,/camping/anthony-chabot/r/facilityDetails.do?contractCode=EB&parkId=110004,Anthony Chabot,23
71514,/camping/antlers/r/facilityDetails.do?contractCode=NRSO&parkId=71514,ANTLERS,45
120006,/camping/anzaborrego-desert-sp/r/facilityDetails.do?contractCode=CA&parkId=120006,ANZA-BORREGO DESERT SP,0
70160,/camping/arroyo-seco/r/facilityDetails.do?contractCode=NRSO&parkId=70160,ARROYO SECO,11
71938,/camping/aspen-group-inyo/r/facilityDetails.do?contractCode=NRSO&parkId=71938,ASPEN GROUP (INYO),0
71674,/camping/aspen-group-tahoe/r/facilityDetails.do?contractCode=NRSO&parkId=71674,ASPEN GROUP (TAHOE),0
71546,/camping/aspen-hollow-group/r/facilityDetails.do?contractCode=NRSO&parkId=71546,ASPEN HOLLOW GROUP,0
71586,/camping/badger-flats-group/r/facilityDetails.do?contractCode=NRSO&parkId=71586,BADGER FLATS GROUP,0
71521,/camping/bailey-cove/r/facilityDetails.do?contractCode=NRSO&parkId=71521,BAILEY COVE,5
75445,/camping/bandido-group-campground/r/facilityDetails.do?contractCode=NRSO&parkId=75445,BANDIDO GROUP CAMPGROUND,2
70181,/camping/barton-flats/r/facilityDetails.do?contractCode=NRSO&parkId=70181,BARTON FLATS,19
75010,/camping/bear-river-group-campground/r/facilityDetails.do?contractCode=NRSO&parkId=75010,BEAR RIVER GROUP CAMPGROUND,3
71587,/camping/belknap/r/facilityDetails.do?contractCode=NRSO&parkId=71587,BELKNAP,2
75426,/camping/berger/r/facilityDetails.do?contractCode=NRSO&parkId=75426,BERGER,4
120009,/camping/big-basin-redwoods-sp/r/facilityDetails.do?contractCode=CA&parkId=120009,BIG BASIN REDWOODS SP,1
75483,/camping/big-bend-group-yuba-river/r/facilityDetails.do?contractCode=NRSO&parkId=75483,BIG BEND GROUP (YUBA RIVER),1
71607,/camping/big-cove/r/facilityDetails.do?contractCode=NRSO&parkId=71607,BIG COVE,0
70551,/camping/big-meadow-stanislaus-natl-fs/r/facilityDetails.do?contractCode=NRSO&parkId=70551,BIG MEADOW STANISLAUS NATL FS,0
70518,/camping/big-pine-canyon/r/facilityDetails.do?contractCode=NRSO&parkId=70518,BIG PINE CANYON,0
70617,/camping/big-pine-creek-campground/r/facilityDetails.do?contractCode=NRSO&parkId=70617,BIG PINE CREEK CAMPGROUND,0
73627,/camping/big-silver-group/r/facilityDetails.do?contractCode=NRSO&parkId=73627,BIG SILVER GROUP,0
70519,/camping/bishop-park-group/r/facilityDetails.do?contractCode=NRSO&parkId=70519,BISHOP PARK GROUP,0
110452,/camping/black-diamond-mines-regional-preserve/r/facilityDetails.do?contractCode=EB&parkId=110452,Black Diamond Mines Regional Preserve,0
940023,/camping/black-jack-campground/r/facilityDetails.do?contractCode=CTLN&parkId=940023,BLACK JACK CAMPGROUND,7
70236,/camping/black-mountain-san-bernardino/r/facilityDetails.do?contractCode=NRSO&parkId=70236,BLACK MOUNTAIN (SAN BERNARDINO),0
72306,/camping/black-mountain-lookout/r/facilityDetails.do?contractCode=NRSO&parkId=72306,BLACK MOUNTAIN LOOKOUT,0
70237,/camping/black-oak/r/facilityDetails.do?contractCode=NRSO&parkId=70237,BLACK OAK,2
70953,/camping/black-rock-campground/r/facilityDetails.do?contractCode=NRSO&parkId=70953,BLACK ROCK CAMPGROUND,0
70169,/camping/bluff-mesa-group-camp/r/facilityDetails.do?contractCode=NRSO&parkId=70169,BLUFF MESA GROUP CAMP,0
73091,/camping/boatin-sites-lake-sonoma/r/facilityDetails.do?contractCode=NRSO&parkId=73091,BOAT-IN SITES (LAKE SONOMA),76
74128,/camping/boca-campground/r/facilityDetails.do?contractCode=NRSO&parkId=74128,BOCA CAMPGROUND,19
74129,/camping/boca-rest-campground/r/facilityDetails.do?contractCode=NRSO&parkId=74129,BOCA REST CAMPGROUND,33
74130,/camping/boca-spring/r/facilityDetails.do?contractCode=NRSO&parkId=74130,BOCA SPRING,13
120011,/camping/bothenapa-valley-sp/r/facilityDetails.do?contractCode=CA&parkId=120011,BOTHE-NAPA VALLEY SP,1
70240,/camping/boulder-basin/r/facilityDetails.do?contractCode=NRSO&parkId=70240,BOULDER BASIN,14
71725,/camping/boulder-creek-ca/r/facilityDetails.do?contractCode=NRSO&parkId=71725,BOULDER CREEK (CA),0
70170,/camping/boulder-group-camp/r/facilityDetails.do?contractCode=NRSO&parkId=70170,BOULDER GROUP CAMP,1
71569,/camping/boulder-gulch/r/facilityDetails.do?contractCode=NRSO&parkId=71569,BOULDER GULCH,58
70146,/camping/boulder-oaks-eqst/r/facilityDetails.do?contractCode=NRSO&parkId=70146,BOULDER OAKS EQST,0
74127,/camping/boyington-mill/r/facilityDetails.do?contractCode=NRSO&parkId=74127,BOYINGTON MILL,11
120012,/camping/brannan-island-sra/r/facilityDetails.do?contractCode=CA&parkId=120012,BRANNAN ISLAND SRA,102
72462,/camping/buckeye-flat-campground/r/facilityDetails.do?contractCode=NRSO&parkId=72462,BUCKEYE FLAT CAMPGROUND,0
73102,/camping/buckhorn/r/facilityDetails.do?contractCode=NRSO&parkId=73102,BUCKHORN,57
70575,/camping/burnt-rancheria/r/facilityDetails.do?contractCode=NRSO&parkId=70575,BURNT RANCHERIA,42
73100,/camping/bushay-recreation-area/r/facilityDetails.do?contractCode=NRSO&parkId=73100,BUSHAY RECREATION AREA,101
70754,/camping/bushytail/r/facilityDetails.do?contractCode=NRSO&parkId=70754,BUSHYTAIL,10
120013,/camping/butano-sp/r/facilityDetails.do?contractCode=CA&parkId=120013,BUTANO SP,0
74186,/camping/butte-lake/r/facilityDetails.do?contractCode=NRSO&parkId=74186,BUTTE LAKE,38
70171,/camping/buttercup-group-camp/r/facilityDetails.do?contractCode=NRSO&parkId=70171,BUTTERCUP GROUP CAMP,0
75428,/camping/calida/r/facilityDetails.do?contractCode=NRSO&parkId=75428,CAL-IDA,13
120014,/camping/calaveras-big-trees-sp/r/facilityDetails.do?contractCode=CA&parkId=120014,CALAVERAS BIG TREES SP,7
72184,/camping/camp-4-group-campground/r/facilityDetails.do?contractCode=NRSO&parkId=72184,CAMP 4 GROUP CAMPGROUND,0
73975,/camping/camp-9/r/facilityDetails.do?contractCode=NRSO&parkId=73975,CAMP 9,11
71677,/camping/camp-three-campground/r/facilityDetails.do?contractCode=NRSO&parkId=71677,CAMP THREE CAMPGROUND,37
73937,/camping/capps-crossing/r/facilityDetails.do?contractCode=NRSO&parkId=73937,CAPPS CROSSING,0
75437,/camping/carlton/r/facilityDetails.do?contractCode=NRSO&parkId=75437,CARLTON,7
120015,/camping/carpinteria-sb/r/facilityDetails.do?contractCode=CA&parkId=120015,CARPINTERIA SB,0
120016,/camping/castle-crags-sp/r/facilityDetails.do?contractCode=CA&parkId=120016,CASTLE CRAGS SP,60
120017,/camping/caswell-memorial-sp/r/facilityDetails.do?contractCode=CA&parkId=120017,CASWELL MEMORIAL SP,60
71589,/camping/catavee/r/facilityDetails.do?contractCode=NRSO&parkId=71589,CATAVEE,0
71722,/camping/cedar-bluff/r/facilityDetails.do?contractCode=NRSO&parkId=71722,CEDAR BLUFF,20
71995,/camping/cerro-alto-campground/r/facilityDetails.do?contractCode=NRSO&parkId=71995,CERRO ALTO CAMPGROUND,7
75436,/camping/chapman/r/facilityDetails.do?contractCode=NRSO&parkId=75436,CHAPMAN,21
73541,/camping/chekaka-recreation-area-lake-mendocino/r/facilityDetails.do?contractCode=NRSO&parkId=73541,CHEKAKA RECREATION AREA LAKE MENDOCINO,0
110533,/camping/cherry-valley/r/facilityDetails.do?contractCode=NRSO&parkId=110533,CHERRY VALLEY,27
71609,/camping/chilcoot/r/facilityDetails.do?contractCode=NRSO&parkId=71609,CHILCOOT,0
71670,/camping/chilkoot/r/facilityDetails.do?contractCode=NRSO&parkId=71670,CHILKOOT,11
120018,/camping/china-camp-sp/r/facilityDetails.do?contractCode=CA&parkId=120018,CHINA CAMP SP,2
124900,/camping/chino-hills-sp/r/facilityDetails.do?contractCode=CA&parkId=124900,CHINO HILLS SP,19
71705,/camping/christie-campground/r/facilityDetails.do?contractCode=NRSO&parkId=71705,CHRISTIE CAMPGROUND,0
120019,/camping/clear-lake-sp/r/facilityDetails.do?contractCode=CA&parkId=120019,CLEAR LAKE SP,125
73062,/camping/codorniz-recreation-area-campground/r/facilityDetails.do?contractCode=NRSO&parkId=73062,Codorniz Recreation Area Campground,80
120020,/camping/col-allensworth-shp/r/facilityDetails.do?contractCode=CA&parkId=120020,COL. ALLENSWORTH SHP,115
71655,/camping/cold-creek/r/facilityDetails.do?contractCode=NRSO&parkId=71655,COLD CREEK,6
75150,/camping/coldwater-campground/r/facilityDetails.do?contractCode=NRSO&parkId=75150,COLDWATER CAMPGROUND,24
71590,/camping/college/r/facilityDetails.do?contractCode=NRSO&parkId=71590,COLLEGE,10
120021,/camping/colusasacramento-river-sra/r/facilityDetails.do?contractCode=CA&parkId=120021,COLUSA-SACRAMENTO RIVER SRA,9
75172,/camping/convict-lake-campground/r/facilityDetails.do?contractCode=NRSO&parkId=75172,CONVICT LAKE CAMPGROUND,2
70250,/camping/coon-creek-group-campground/r/facilityDetails.do?contractCode=NRSO&parkId=70250,COON CREEK GROUP CAMPGROUND,1
71611,/camping/cottonwood-ca/r/facilityDetails.do?contractCode=NRSO&parkId=71611,COTTONWOOD (CA),0
71657,/camping/cottonwood-creek/r/facilityDetails.do?contractCode=NRSO&parkId=71657,COTTONWOOD CREEK,40
75444,/camping/coulter-group-campground/r/facilityDetails.do?contractCode=NRSO&parkId=75444,COULTER GROUP CAMPGROUND,0
70251,/camping/council/r/facilityDetails.do?contractCode=NRSO&parkId=70251,COUNCIL,0
71552,/camping/cove-group/r/facilityDetails.do?contractCode=NRSO&parkId=71552,COVE GROUP,0
71689,/camping/coy-flat/r/facilityDetails.do?contractCode=NRSO&parkId=71689,COY FLAT,18
70252,/camping/coyote-group/r/facilityDetails.do?contractCode=NRSO&parkId=70252,COYOTE GROUP,4
70790,/camping/crab-flats/r/facilityDetails.do?contractCode=NRSO&parkId=70790,CRAB FLATS,23
70758,/camping/crags-campground/r/facilityDetails.do?contractCode=NRSO&parkId=70758,CRAGS CAMPGROUND,0
70930,/camping/crane-flat/r/facilityDetails.do?contractCode=NRSO&parkId=70930,CRANE FLAT,0
71719,/camping/crane-valley/r/facilityDetails.do?contractCode=NRSO&parkId=71719,CRANE VALLEY,0
70147,/camping/crestline-group/r/facilityDetails.do?contractCode=NRSO&parkId=70147,CRESTLINE GROUP,0
123400,/camping/crystal-cove-sp-moro-campground/r/facilityDetails.do?contractCode=CA&parkId=123400,CRYSTAL COVE SP MORO CAMPGROUND,0
120022,/camping/crystal-cove-sp-primitive-tent-camping/r/facilityDetails.do?contractCode=CA&parkId=120022,CRYSTAL COVE SP PRIMITIVE TENT CAMPING,32
70677,/camping/crystal-lake/r/facilityDetails.do?contractCode=NRSO&parkId=70677,CRYSTAL LAKE,0
75266,/camping/curly-jack-campground/r/facilityDetails.do?contractCode=NRSO&parkId=75266,CURLY JACK CAMPGROUND,4
120023,/camping/cuyamaca-rancho-sp/r/facilityDetails.do?contractCode=CA&parkId=120023,CUYAMACA RANCHO SP,30
120099,/camping/dl-bliss-sp/r/facilityDetails.do?contractCode=CA&parkId=120099,D.L. BLISS SP,0
71591,/camping/deer-creek/r/facilityDetails.do?contractCode=NRSO&parkId=71591,DEER CREEK,10
70172,/camping/deer-group-camp/r/facilityDetails.do?contractCode=NRSO&parkId=70172,DEER GROUP CAMP,1
71515,/camping/dekkas-rock/r/facilityDetails.do?contractCode=NRSO&parkId=71515,DEKKAS ROCK,1
120024,/camping/del-norte-coast-redwood-sp-mill-creek-campground/r/facilityDetails.do?contractCode=CA&parkId=120024,Del Norte Coast Redwood SP Mill Creek Campground,76
110003,/camping/del-valle/r/facilityDetails.do?contractCode=EB&parkId=110003,Del Valle,5
75427,/camping/diablo/r/facilityDetails.do?contractCode=NRSO&parkId=75427,DIABLO,15
96770,/camping/dillon-creek-campground/r/facilityDetails.do?contractCode=NRSO&parkId=96770,DILLON CREEK CAMPGROUND,10
73632,/camping/dimond-o/r/facilityDetails.do?contractCode=NRSO&parkId=73632,DIMOND O,5
70376,/camping/dinkey-creek/r/facilityDetails.do?contractCode=NRSO&parkId=70376,DINKEY CREEK,87
73747,/camping/dirt-flat/r/facilityDetails.do?contractCode=NRSO&parkId=73747,DIRT FLAT,0
70258,/camping/dogwood/r/facilityDetails.do?contractCode=NRSO&parkId=70258,DOGWOOD,15
120025,/camping/doheny-sb/r/facilityDetails.do?contractCode=CA&parkId=120025,DOHENY SB,0
120029,/camping/donner-memorial-sp/r/facilityDetails.do?contractCode=CA&parkId=120029,DONNER MEMORIAL SP,0
71601,/camping/dorabelle-campground/r/facilityDetails.do?contractCode=NRSO&parkId=71601,DORABELLE CAMPGROUND,55
70940,/camping/dorst-creek-campgroundsequoia-and-kings-canyon-national-park/r/facilityDetails.do?contractCode=NRSO&parkId=70940,Dorst Creek Campground-Sequoia and Kings Canyon National Park,0
107633,/camping/dripping-springs-campground-ca/r/facilityDetails.do?contractCode=NRSO&parkId=107633,DRIPPING SPRINGS CAMPGROUND (CA),14
73750,/camping/dry-gulch/r/facilityDetails.do?contractCode=NRSO&parkId=73750,DRY GULCH,0
70529,/camping/eagle-campground/r/facilityDetails.do?contractCode=NRSO&parkId=70529,EAGLE CAMPGROUND,0
70804,/camping/east-fork-california/r/facilityDetails.do?contractCode=NRSO&parkId=70804,EAST FORK CALIFORNIA,34
71529,/camping/east-meadow-campground/r/facilityDetails.do?contractCode=NRSO&parkId=71529,EAST MEADOW CAMPGROUND,30
120030,/camping/el-capitan-sb/r/facilityDetails.do?contractCode=CA&parkId=120030,EL CAPITAN SB,0
70148,/camping/el-prado-group/r/facilityDetails.do?contractCode=NRSO&parkId=70148,EL PRADO GROUP,0
71522,/camping/ellery-creek/r/facilityDetails.do?contractCode=NRSO&parkId=71522,ELLERY CREEK,12
120031,/camping/emerald-bay-sp/r/facilityDetails.do?contractCode=CA&parkId=120031,EMERALD BAY SP,0
71645,/camping/emigrant-group/r/facilityDetails.do?contractCode=NRSO&parkId=71645,EMIGRANT GROUP,0
72398,/camping/eshom-campground/r/facilityDetails.do?contractCode=NRSO&parkId=72398,ESHOM CAMPGROUND,16
71678,/camping/fairview-campground/r/facilityDetails.do?contractCode=NRSO&parkId=71678,FAIRVIEW CAMPGROUND,13
70144,/camping/falcon-group/r/facilityDetails.do?contractCode=NRSO&parkId=70144,FALCON GROUP,0
71531,/camping/fallen-leaf-campground/r/facilityDetails.do?contractCode=NRSO&parkId=71531,FALLEN LEAF CAMPGROUND,0
74162,/camping/fashoda/r/facilityDetails.do?contractCode=NRSO&parkId=74162,FASHODA,0
70410,/camping/faucherie/r/facilityDetails.do?contractCode=NRSO&parkId=70410,FAUCHERIE,0
70752,/camping/fawn/r/facilityDetails.do?contractCode=NRSO&parkId=70752,FAWN,2
70173,/camping/fern-basin/r/facilityDetails.do?contractCode=NRSO&parkId=70173,FERN BASIN,11
75432,/camping/fiddle-creek/r/facilityDetails.do?contractCode=NRSO&parkId=75432,FIDDLE CREEK,9
71518,/camping/findley-campground/r/facilityDetails.do?contractCode=NRSO&parkId=71518,FINDLEY CAMPGROUND,11
72124,/camping/fir-cove-campground/r/facilityDetails.do?contractCode=NRSO&parkId=72124,FIR COVE CAMPGROUND,8
71553,/camping/fir-group/r/facilityDetails.do?contractCode=NRSO&parkId=71553,FIR GROUP,1
71517,/camping/fir-top-campground/r/facilityDetails.do?contractCode=NRSO&parkId=71517,FIR TOP CAMPGROUND,10
71600,/camping/fish-creek-ca/r/facilityDetails.do?contractCode=NRSO&parkId=71600,FISH CREEK (CA),0
96769,/camping/fish-lake-campground/r/facilityDetails.do?contractCode=NRSO&parkId=96769,FISH LAKE CAMPGROUND,12
73950,/camping/fishermans-group/r/facilityDetails.do?contractCode=NRSO&parkId=73950,FISHERMANS GROUP,2
120034,/camping/folsom-lake-sra/r/facilityDetails.do?contractCode=CA&parkId=120034,FOLSOM LAKE SRA,41
70266,/camping/forbes-creek/r/facilityDetails.do?contractCode=NRSO&parkId=70266,FORBES CREEK,0
71666,/camping/forks-campground/r/facilityDetails.do?contractCode=NRSO&parkId=71666,FORKS CAMPGROUND,22
73703,/camping/four-jeffrey/r/facilityDetails.do?contractCode=NRSO&parkId=73703,FOUR JEFFREY,0
1040013,/camping/frank-raines-regional-park/r/facilityDetails.do?contractCode=STAN&parkId=1040013,FRANK RAINES REGIONAL PARK,29
74120,/camping/fremont-campground/r/facilityDetails.do?contractCode=NRSO&parkId=74120,FREMONT CAMPGROUND,10
120209,/camping/fremont-peak-sp/r/facilityDetails.do?contractCode=CA&parkId=120209,FREMONT PEAK SP,10
70803,/camping/french-camp/r/facilityDetails.do?contractCode=NRSO&parkId=70803,FRENCH CAMP,42
71559,/camping/french-gulch/r/facilityDetails.do?contractCode=NRSO&parkId=71559,FRENCH GULCH,1
70268,/camping/french-meadows/r/facilityDetails.do?contractCode=NRSO&parkId=70268,FRENCH MEADOWS,48
70377,/camping/frenchman/r/facilityDetails.do?contractCode=NRSO&parkId=70377,FRENCHMAN,0
72313,/camping/fry-creek-campground/r/facilityDetails.do?contractCode=NRSO&parkId=72313,FRY CREEK CAMPGROUND,11
70978,/camping/furnace-creek/r/facilityDetails.do?contractCode=NRSO&parkId=70978,FURNACE CREEK,0
70269,/camping/gates-group/r/facilityDetails.do?contractCode=NRSO&parkId=70269,GATES GROUP,3
70270,/camping/gerle-creek/r/facilityDetails.do?contractCode=NRSO&parkId=70270,GERLE CREEK,0
71676,/camping/giant-gap/r/facilityDetails.do?contractCode=NRSO&parkId=71676,GIANT GAP,10
74080,/camping/glory-hole-recreation-area/r/facilityDetails.do?contractCode=NRSO&parkId=74080,GLORY HOLE RECREATION AREA,11
71679,/camping/goldledge-campground/r/facilityDetails.do?contractCode=NRSO&parkId=71679,GOLDLEDGE CAMPGROUND,24
71516,/camping/goose-meadows/r/facilityDetails.do?contractCode=NRSO&parkId=71516,GOOSE MEADOWS,15
71671,/camping/granite-flat-california/r/facilityDetails.do?contractCode=NRSO&parkId=71671,GRANITE FLAT (CALIFORNIA),48
71613,/camping/grasshopper-flat/r/facilityDetails.do?contractCode=NRSO&parkId=71613,GRASSHOPPER FLAT,0
70527,/camping/grassy-flat-campground/r/facilityDetails.do?contractCode=NRSO&parkId=70527,GRASSY FLAT CAMPGROUND,10
70273,/camping/grays-meadows/r/facilityDetails.do?contractCode=NRSO&parkId=70273,GRAYS MEADOWS,24
70174,/camping/grays-peak-group-camp/r/facilityDetails.do?contractCode=NRSO&parkId=70174,GRAYS PEAK GROUP CAMP,0
70274,/camping/green-creek-group/r/facilityDetails.do?contractCode=NRSO&parkId=70274,GREEN CREEK GROUP,0
70697,/camping/green-spot-equestrian-group-camp/r/facilityDetails.do?contractCode=NRSO&parkId=70697,GREEN SPOT EQUESTRIAN GROUP CAMP,1
70275,/camping/green-valley/r/facilityDetails.do?contractCode=NRSO&parkId=70275,GREEN VALLEY,16
71616,/camping/grizzly/r/facilityDetails.do?contractCode=NRSO&parkId=71616,GRIZZLY,0
120037,/camping/grizzly-creek-redwoods-sp/r/facilityDetails.do?contractCode=CA&parkId=120037,GRIZZLY CREEK REDWOODS SP,0
120038,/camping/grover-hot-springs-sp/r/facilityDetails.do?contractCode=CA&parkId=120038,GROVER HOT SPRINGS SP,0
70594,/camping/gurnsey-creek/r/facilityDetails.do?contractCode=NRSO&parkId=70594,GURNSEY CREEK,2
120039,/camping/half-moon-bay-sb/r/facilityDetails.do?contractCode=CA&parkId=120039,HALF MOON BAY SB,0
70560,/camping/hallsted/r/facilityDetails.do?contractCode=NRSO&parkId=70560,HALLSTED,0
70553,/camping/hampshire-rocks/r/facilityDetails.do?contractCode=NRSO&parkId=70553,HAMPSHIRE ROCKS,23
70532,/camping/hanna-flat/r/facilityDetails.do?contractCode=NRSO&parkId=70532,HANNA FLAT,31
70530,/camping/hat-creek/r/facilityDetails.do?contractCode=NRSO&parkId=70530,HAT CREEK,3
70515,/camping/hayward-flat/r/facilityDetails.do?contractCode=NRSO&parkId=70515,HAYWARD FLAT,67
71599,/camping/headquarters/r/facilityDetails.do?contractCode=NRSO&parkId=71599,HEADQUARTERS,12
70603,/camping/heart-bar-campground/r/facilityDetails.do?contractCode=NRSO&parkId=70603,HEART BAR CAMPGROUND,52
70278,/camping/heart-bar-equestrian/r/facilityDetails.do?contractCode=NRSO&parkId=70278,HEART BAR EQUESTRIAN,1
120041,/camping/henry-cowell-redwoods-sp/r/facilityDetails.do?contractCode=CA&parkId=120041,HENRY COWELL REDWOODS SP,1
120109,/camping/henry-w-coe-sp/r/facilityDetails.do?contractCode=CA&parkId=120109,HENRY W COE SP,11
940012,/camping/hermit-gulch/r/facilityDetails.do?contractCode=CTLN&parkId=940012,HERMIT GULCH,40
73203,/camping/hidden-view/r/facilityDetails.do?contractCode=NRSO&parkId=73203,HIDDEN VIEW,52
71523,/camping/hirz-bay/r/facilityDetails.do?contractCode=NRSO&parkId=71523,HIRZ BAY,31
71927,/camping/hirz-bay-group-1/r/facilityDetails.do?contractCode=NRSO&parkId=71927,HIRZ BAY GROUP 1,1
71928,/camping/hirz-bay-group-2/r/facilityDetails.do?contractCode=NRSO&parkId=71928,HIRZ BAY GROUP 2,1
70929,/camping/hodgdon-meadow/r/facilityDetails.do?contractCode=NRSO&parkId=70929,HODGDON MEADOW,0
71606,/camping/holey-meadow/r/facilityDetails.do?contractCode=NRSO&parkId=71606,HOLEY MEADOW,9
70687,/camping/holiday-group-campground/r/facilityDetails.do?contractCode=NRSO&parkId=70687,HOLIDAY GROUP CAMPGROUND,0
70280,/camping/honeymoon-flat/r/facilityDetails.do?contractCode=NRSO&parkId=70280,HONEYMOON FLAT,0
70458,/camping/hope-valley/r/facilityDetails.do?contractCode=NRSO&parkId=70458,HOPE VALLEY,0
73511,/camping/horse-creek/r/facilityDetails.do?contractCode=NRSO&parkId=73511,HORSE CREEK,65
70149,/camping/horse-heaven-group/r/facilityDetails.do?contractCode=NRSO&parkId=70149,HORSE HEAVEN GROUP,0
71595,/camping/hospital-flat/r/facilityDetails.do?contractCode=NRSO&parkId=71595,HOSPITAL FLAT,25
120042,/camping/humboldt-redwoods-sp/r/facilityDetails.do?contractCode=CA&parkId=120042,HUMBOLDT REDWOODS SP,14
71547,/camping/hume-lake/r/facilityDetails.do?contractCode=NRSO&parkId=71547,HUME LAKE,34
71568,/camping/hungry-gulch/r/facilityDetails.do?contractCode=NRSO&parkId=71568,HUNGRY GULCH,74
70561,/camping/hutchins/r/facilityDetails.do?contractCode=NRSO&parkId=70561,HUTCHINS,0
70283,/camping/ice-house/r/facilityDetails.do?contractCode=NRSO&parkId=70283,ICE HOUSE,0
70952,/camping/indian-cove-campground/r/facilityDetails.do?contractCode=NRSO&parkId=70952,INDIAN COVE CAMPGROUND,0
120043,/camping/indian-grinding-rock-shp/r/facilityDetails.do?contractCode=CA&parkId=120043,INDIAN GRINDING ROCK SHP,22
75213,/camping/indian-scotty-group-site/r/facilityDetails.do?contractCode=NRSO&parkId=75213,INDIAN SCOTTY GROUP SITE,1
75486,/camping/indian-springs/r/facilityDetails.do?contractCode=NRSO&parkId=75486,INDIAN SPRINGS,24
75438,/camping/indian-valley/r/facilityDetails.do?contractCode=NRSO&parkId=75438,INDIAN VALLEY,2
70176,/camping/ironwood-group-camp/r/facilityDetails.do?contractCode=NRSO&parkId=70176,IRONWOOD GROUP CAMP,1
73223,/camping/island-park/r/facilityDetails.do?contractCode=NRSO&parkId=73223,ISLAND PARK,83
71581,/camping/jackass-meadow/r/facilityDetails.do?contractCode=NRSO&parkId=71581,JACKASS MEADOW,34
73582,/camping/jackson-flats/r/facilityDetails.do?contractCode=NRSO&parkId=73582,JACKSON FLATS,3
120044,/camping/jedediah-smith-redwoods-sp/r/facilityDetails.do?contractCode=CA&parkId=120044,JEDEDIAH SMITH REDWOODS SP,3
120045,/camping/julia-pfeiffer-burns-sp/r/facilityDetails.do?contractCode=CA&parkId=120045,JULIA PFEIFFER BURNS SP,0
70564,/camping/june-lake/r/facilityDetails.do?contractCode=NRSO&parkId=70564,JUNE LAKE,0
70177,/camping/juniper-springs-group-camp/r/facilityDetails.do?contractCode=NRSO&parkId=70177,JUNIPER SPRINGS GROUP CAMP,1
71663,/camping/kaspian-campground/r/facilityDetails.do?contractCode=NRSO&parkId=71663,KASPIAN CAMPGROUND,2
71668,/camping/kelty-meadow/r/facilityDetails.do?contractCode=NRSO&parkId=71668,KELTY MEADOW,7
71592,/camping/kinnikinnick/r/facilityDetails.do?contractCode=NRSO&parkId=71592,KINNIKINNICK,0
70972,/camping/kirby-cove-campground/r/facilityDetails.do?contractCode=NRSO&parkId=70972,KIRBY COVE CAMPGROUND,0
71993,/camping/kirk-creek-campground/r/facilityDetails.do?contractCode=NRSO&parkId=71993,KIRK CREEK CAMPGROUND,0
109334,/camping/kit-carson-campground/r/facilityDetails.do?contractCode=NRSO&parkId=109334,KIT CARSON CAMPGROUND,0
73240,/camping/kyen-campground-and-oak-grove-day-use-area/r/facilityDetails.do?contractCode=NRSO&parkId=73240,KYEN CAMPGROUND AND OAK GROVE DAY USE AREA,78
70576,/camping/laguna/r/facilityDetails.do?contractCode=NRSO&parkId=70576,LAGUNA,25
73584,/camping/lake-campground/r/facilityDetails.do?contractCode=NRSO&parkId=73584,LAKE CAMPGROUND,3
72775,/camping/lake-mary-campground/r/facilityDetails.do?contractCode=NRSO&parkId=72775,LAKE MARY CAMPGROUND,4
120046,/camping/lake-oroville-sra/r/facilityDetails.do?contractCode=CA&parkId=120046,LAKE OROVILLE SRA,201
120069,/camping/lake-perris-sra/r/facilityDetails.do?contractCode=CA&parkId=120069,LAKE PERRIS SRA,411
70167,/camping/lakes-basin/r/facilityDetails.do?contractCode=NRSO&parkId=70167,LAKES BASIN,0
71519,/camping/lakeshore-east/r/facilityDetails.do?contractCode=NRSO&parkId=71519,LAKESHORE EAST,17
74131,/camping/lakeside-truckee/r/facilityDetails.do?contractCode=NRSO&parkId=74131,LAKESIDE (TRUCKEE),27
120047,/camping/leo-carrillo-sb/r/facilityDetails.do?contractCode=CA&parkId=120047,LEO CARRILLO SB,0
72074,/camping/lewis-at-french-meadows/r/facilityDetails.do?contractCode=NRSO&parkId=72074,LEWIS at FRENCH MEADOWS,30
73251,/camping/liberty-glen-lake-sonoma/r/facilityDetails.do?contractCode=NRSO&parkId=73251,LIBERTY GLEN (LAKE SONOMA),97
75443,/camping/lightning-point-group-campground/r/facilityDetails.do?contractCode=NRSO&parkId=75443,LIGHTNING POINT GROUP CAMPGROUND,0
71615,/camping/lightning-tree/r/facilityDetails.do?contractCode=NRSO&parkId=71615,LIGHTNING TREE,0
120048,/camping/limekiln-sp/r/facilityDetails.do?contractCode=CA&parkId=120048,LIMEKILN SP,0
123440,/camping/limestone-campground/r/facilityDetails.do?contractCode=NRSO&parkId=123440,LIMESTONE CAMPGROUND,10
72431,/camping/little-beaver-a-campground/r/facilityDetails.do?contractCode=NRSO&parkId=72431,LITTLE BEAVER A CAMPGROUND,29
940021,/camping/little-harbor-campground/r/facilityDetails.do?contractCode=CTLN&parkId=940021,LITTLE HARBOR CAMPGROUND,9
71563,/camping/live-oak/r/facilityDetails.do?contractCode=NRSO&parkId=71563,LIVE OAK,0
75185,/camping/live-oak-south/r/facilityDetails.do?contractCode=NRSO&parkId=75185,LIVE OAK SOUTH,0
70291,/camping/lobo-group/r/facilityDetails.do?contractCode=NRSO&parkId=70291,LOBO GROUP,0
70941,/camping/lodgepole-campgroundsequoia-and-kings-canyon-national-park/r/facilityDetails.do?contractCode=NRSO&parkId=70941,Lodgepole Campground-Sequoia and Kings Canyon National Park,0
70688,/camping/lodgepole-group-lake-alpine/r/facilityDetails.do?contractCode=NRSO&parkId=70688,LODGEPOLE GROUP LAKE ALPINE,2
75431,/camping/loganville/r/facilityDetails.do?contractCode=NRSO&parkId=75431,LOGANVILLE,15
71643,/camping/logger-campground/r/facilityDetails.do?contractCode=NRSO&parkId=71643,LOGGER CAMPGROUND,174
71541,/camping/logger-flat-group/r/facilityDetails.do?contractCode=NRSO&parkId=71541,LOGGER FLAT GROUP,1
70292,/camping/lone-pine/r/facilityDetails.do?contractCode=NRSO&parkId=70292,LONE PINE,10
71723,/camping/lone-rock-ca/r/facilityDetails.do?contractCode=NRSO&parkId=71723,LONE ROCK (CA),0
71605,/camping/long-meadow-group/r/facilityDetails.do?contractCode=NRSO&parkId=71605,LONG MEADOW GROUP,1
71724,/camping/long-point-ca/r/facilityDetails.do?contractCode=NRSO&parkId=71724,LONG POINT (CA),0
108733,/camping/lookout-campground/r/facilityDetails.do?contractCode=NRSO&parkId=108733,Lookout Campground,0
70293,/camping/loon-lake/r/facilityDetails.do?contractCode=NRSO&parkId=70293,LOON LAKE,0
73962,/camping/los-prietos/r/facilityDetails.do?contractCode=NRSO&parkId=73962,LOS PRIETOS,17
110538,/camping/lost-claim/r/facilityDetails.do?contractCode=NRSO&parkId=110538,LOST CLAIM,10
71714,/camping/lower-billy-creek/r/facilityDetails.do?contractCode=NRSO&parkId=71714,LOWER BILLY CREEK,3
71717,/camping/lower-little-truckee/r/facilityDetails.do?contractCode=NRSO&parkId=71717,LOWER LITTLE TRUCKEE,14
70928,/camping/lower-pines/r/facilityDetails.do?contractCode=NRSO&parkId=70928,LOWER PINES,0
70352,/camping/lower-twin-lakes-at-bridgeport/r/facilityDetails.do?contractCode=NRSO&parkId=70352,LOWER TWIN LAKES AT BRIDGEPORT,0
71579,/camping/lupine/r/facilityDetails.do?contractCode=NRSO&parkId=71579,LUPINE,33
120049,/camping/mackerricher-sp/r/facilityDetails.do?contractCode=CA&parkId=120049,MACKERRICHER SP,0
120050,/camping/malakoff-diggins-shp/r/facilityDetails.do?contractCode=CA&parkId=120050,MALAKOFF DIGGINS SHP,28
120051,/camping/malibu-creek-sp/r/facilityDetails.do?contractCode=CA&parkId=120051,MALIBU CREEK SP,27
71597,/camping/mammoth-pool/r/facilityDetails.do?contractCode=NRSO&parkId=71597,MAMMOTH POOL,0
120053,/camping/manresa-sb/r/facilityDetails.do?contractCode=CA&parkId=120053,MANRESA SB,0
74045,/camping/manzanita-lake/r/facilityDetails.do?contractCode=NRSO&parkId=74045,MANZANITA LAKE,23
70178,/camping/marion-mountain/r/facilityDetails.do?contractCode=NRSO&parkId=70178,MARION MOUNTAIN,9
72375,/camping/mary-smith-campground/r/facilityDetails.do?contractCode=NRSO&parkId=72375,MARY SMITH CAMPGROUND,10
120054,/camping/mcarthurburney-falls-mem-sp/r/facilityDetails.do?contractCode=CA&parkId=120054,MCARTHUR-BURNEY FALLS MEM SP,3
120055,/camping/mcconnell-sra/r/facilityDetails.do?contractCode=CA&parkId=120055,MCCONNELL SRA,18
70520,/camping/mcgee-creek/r/facilityDetails.do?contractCode=NRSO&parkId=70520,MCGEE CREEK,13
70166,/camping/mcgill-campground/r/facilityDetails.do?contractCode=NRSO&parkId=70166,MCGILL CAMPGROUND,0
120056,/camping/mcgrath-sb/r/facilityDetails.do?contractCode=CA&parkId=120056,MCGRATH SB,0
71664,/camping/meeks-bay/r/facilityDetails.do?contractCode=NRSO&parkId=71664,MEEKS BAY,5
71706,/camping/merrill-campground/r/facilityDetails.do?contractCode=NRSO&parkId=71706,MERRILL CAMPGROUND,0
70151,/camping/middle-meadows/r/facilityDetails.do?contractCode=NRSO&parkId=70151,MIDDLE MEADOWS,1
120057,/camping/millerton-lake-sra/r/facilityDetails.do?contractCode=CA&parkId=120057,MILLERTON LAKE SRA,133
72378,/camping/minersville-campground/r/facilityDetails.do?contractCode=NRSO&parkId=72378,MINERSVILLE CAMPGROUND,8
1040011,/camping/modesto-reservoir-regional-park/r/facilityDetails.do?contractCode=STAN&parkId=1040011,MODESTO RESERVOIR REGIONAL PARK,109
71582,/camping/mono-creek/r/facilityDetails.do?contractCode=NRSO&parkId=71582,MONO CREEK,11
71583,/camping/mono-hot-springs/r/facilityDetails.do?contractCode=NRSO&parkId=71583,MONO HOT SPRINGS,0
120058,/camping/montana-de-oro-sp/r/facilityDetails.do?contractCode=CA&parkId=120058,MONTANA DE ORO SP,3
71524,/camping/moore-creek/r/facilityDetails.do?contractCode=NRSO&parkId=71524,MOORE CREEK,1
110456,/camping/morgan-territory-regional-preserve/r/facilityDetails.do?contractCode=EB&parkId=110456,Morgan Territory Regional Preserve,0
120059,/camping/morro-bay-sp/r/facilityDetails.do?contractCode=CA&parkId=120059,MORRO BAY SP,0
120060,/camping/morro-strand-sb/r/facilityDetails.do?contractCode=CA&parkId=120060,MORRO STRAND SB,11
70459,/camping/mount-rose-nv/r/facilityDetails.do?contractCode=NRSO&parkId=70459,MOUNT ROSE (NV),0
120063,/camping/mount-tamalpais-sp/r/facilityDetails.do?contractCode=CA&parkId=120063,MOUNT TAMALPAIS SP,0
73583,/camping/mountain-oak/r/facilityDetails.do?contractCode=NRSO&parkId=73583,MOUNTAIN OAK,4
120061,/camping/mt-diablo-sp/r/facilityDetails.do?contractCode=CA&parkId=120061,MT. DIABLO SP,51
120062,/camping/mt-san-jacinto-sp/r/facilityDetails.do?contractCode=CA&parkId=120062,MT. SAN JACINTO SP,30
71525,/camping/nelson-point/r/facilityDetails.do?contractCode=NRSO&parkId=71525,NELSON POINT,1
71530,/camping/nevada-beach-campground-and-day-use-pavilion/r/facilityDetails.do?contractCode=NRSO&parkId=71530,Nevada Beach Campground and Day Use Pavilion,0
120064,/camping/new-brighton-sb/r/facilityDetails.do?contractCode=CA&parkId=120064,NEW BRIGHTON SB,0
73771,/camping/new-shady-rest-campground/r/facilityDetails.do?contractCode=NRSO&parkId=73771,NEW SHADY REST CAMPGROUND,58
75212,/camping/nordheimer-group-sites/r/facilityDetails.do?contractCode=NRSO&parkId=75212,NORDHEIMER GROUP SITES,4
75481,/camping/north-fork-ca/r/facilityDetails.do?contractCode=NRSO&parkId=75481,NORTH FORK (CA),10
70927,/camping/north-pines/r/facilityDetails.do?contractCode=NRSO&parkId=70927,NORTH PINES,0
70604,/camping/north-shore-ca/r/facilityDetails.do?contractCode=NRSO&parkId=70604,NORTH SHORE (CA),18
75502,/camping/oak-bottom-campground/r/facilityDetails.do?contractCode=NRSO&parkId=75502,OAK BOTTOM CAMPGROUND,13
109083,/camping/oak-grove-campground/r/facilityDetails.do?contractCode=NRSO&parkId=109083,OAK GROVE CAMPGROUND,54
73639,/camping/oak-knoll-campground/r/facilityDetails.do?contractCode=NRSO&parkId=73639,OAK KNOLL CAMPGROUND,0
72310,/camping/observatory-campground/r/facilityDetails.do?contractCode=NRSO&parkId=72310,OBSERVATORY CAMPGROUND,8
70155,/camping/obsidian-flat/r/facilityDetails.do?contractCode=NRSO&parkId=70155,OBSIDIAN FLAT,0
120065,/camping/oceano-dunes-svra/r/facilityDetails.do?contractCode=CA&parkId=120065,OCEANO DUNES SVRA,999
70565,/camping/oh-ridge/r/facilityDetails.do?contractCode=NRSO&parkId=70565,OH RIDGE,100
73735,/camping/old-shady-rest-campground/r/facilityDetails.do?contractCode=NRSO&parkId=73735,OLD SHADY REST CAMPGROUND,31
70303,/camping/onion-valley/r/facilityDetails.do?contractCode=NRSO&parkId=70303,ONION VALLEY,0
73307,/camping/orland-buttes/r/facilityDetails.do?contractCode=NRSO&parkId=73307,ORLAND BUTTES,31
73490,/camping/oso-group/r/facilityDetails.do?contractCode=NRSO&parkId=73490,OSO GROUP,0
75425,/camping/packsaddle/r/facilityDetails.do?contractCode=NRSO&parkId=75425,PACKSADDLE,2
70306,/camping/paha/r/facilityDetails.do?contractCode=NRSO&parkId=70306,PAHA,0
120066,/camping/palomar-mountain-sp/r/facilityDetails.do?contractCode=CA&parkId=120066,PALOMAR MOUNTAIN SP,2
70649,/camping/panther-flat-campground/r/facilityDetails.do?contractCode=NRSO&parkId=70649,PANTHER FLAT CAMPGROUND,27
73782,/camping/paradise/r/facilityDetails.do?contractCode=NRSO&parkId=73782,PARADISE,10
71566,/camping/paradise-cove/r/facilityDetails.do?contractCode=NRSO&parkId=71566,PARADISE COVE,50
940022,/camping/parson-landing-campground/r/facilityDetails.do?contractCode=CTLN&parkId=940022,PARSON LANDING CAMPGROUND,0
71527,/camping/pass-creek-campground/r/facilityDetails.do?contractCode=NRSO&parkId=71527,PASS CREEK CAMPGROUND,15
70640,/camping/patrick-creek-campground/r/facilityDetails.do?contractCode=NRSO&parkId=70640,PATRICK CREEK CAMPGROUND,8
120067,/camping/patricks-point-sp/r/facilityDetails.do?contractCode=CA&parkId=120067,PATRICKS POINT SP,0
75492,/camping/pearch-creek-campground/r/facilityDetails.do?contractCode=NRSO&parkId=75492,PEARCH CREEK CAMPGROUND,4
120068,/camping/pfeiffer-big-sur-sp/r/facilityDetails.do?contractCode=CA&parkId=120068,PFEIFFER BIG SUR SP,0
70566,/camping/pine-glen/r/facilityDetails.do?contractCode=NRSO&parkId=70566,PINE GLEN,3
71526,/camping/pine-point/r/facilityDetails.do?contractCode=NRSO&parkId=71526,PINE POINT,1
70541,/camping/pinecrest/r/facilityDetails.do?contractCode=NRSO&parkId=70541,PINECREST,0
70585,/camping/pineknot/r/facilityDetails.do?contractCode=NRSO&parkId=70585,PINEKNOT,23
73635,/camping/pines-group-stanislaus/r/facilityDetails.do?contractCode=NRSO&parkId=73635,PINES GROUP STANISLAUS,0
73984,/camping/pinnacles-campground/r/facilityDetails.do?contractCode=NRSO&parkId=73984,PINNACLES CAMPGROUND,79
71567,/camping/pioneer-point/r/facilityDetails.do?contractCode=NRSO&parkId=71567,PIONEER POINT,73
70597,/camping/pioneer-trail/r/facilityDetails.do?contractCode=NRSO&parkId=70597,PIONEER TRAIL,0
70554,/camping/pipi-campground/r/facilityDetails.do?contractCode=NRSO&parkId=70554,PIPI CAMPGROUND,7
120070,/camping/pismo-sb/r/facilityDetails.do?contractCode=CA&parkId=120070,PISMO SB,7
70161,/camping/plaskett-creek-campground/r/facilityDetails.do?contractCode=NRSO&parkId=70161,PLASKETT CREEK CAMPGROUND,0
120100,/camping/plumaseureka-sp/r/facilityDetails.do?contractCode=CA&parkId=120100,PLUMAS-EUREKA SP,0
120072,/camping/point-mugu-sp/r/facilityDetails.do?contractCode=CA&parkId=120072,POINT MUGU SP,0
72393,/camping/point-reyes-national-seashore-campground/r/facilityDetails.do?contractCode=NRSO&parkId=72393,Point Reyes National Seashore Campground,0
71996,/camping/ponderosa-campground/r/facilityDetails.do?contractCode=NRSO&parkId=71996,PONDEROSA CAMPGROUND,8
72294,/camping/ponderosa-cove-campground/r/facilityDetails.do?contractCode=NRSO&parkId=72294,PONDEROSA COVE CAMPGROUND,0
120073,/camping/portola-redwoods-sp/r/facilityDetails.do?contractCode=CA&parkId=120073,PORTOLA REDWOODS SP,0
72461,/camping/potwisha-campground/r/facilityDetails.do?contractCode=NRSO&parkId=72461,POTWISHA CAMPGROUND,0
120074,/camping/prairie-creek-redwoods-sp-elk-prairie-campground/r/facilityDetails.do?contractCode=CA&parkId=120074,PRAIRIE CREEK REDWOODS SP ELK PRAIRIE CAMPGROUND,34
124700,/camping/prairie-creek-redwoods-sp-gold-bluffs-beach-campground/r/facilityDetails.do?contractCode=CA&parkId=124700,PRAIRIE CREEK REDWOODS SP GOLD BLUFFS BEACH CAMPGROUND,2
71548,/camping/princess/r/facilityDetails.do?contractCode=NRSO&parkId=71548,PRINCESS,78
75053,/camping/prosser-family/r/facilityDetails.do?contractCode=NRSO&parkId=75053,PROSSER FAMILY,21
70183,/camping/prosser-ranch-group/r/facilityDetails.do?contractCode=NRSO&parkId=70183,PROSSER RANCH GROUP,0
72292,/camping/pyramid-lake--los-alamos-campground/r/facilityDetails.do?contractCode=NRSO&parkId=72292,PYRAMID LAKE - LOS ALAMOS CAMPGROUND,89
71610,/camping/quaking-aspen/r/facilityDetails.do?contractCode=NRSO&parkId=71610,QUAKING ASPEN,15
75433,/camping/ramshorn/r/facilityDetails.do?contractCode=NRSO&parkId=75433,RAMSHORN,14
71593,/camping/rancheria/r/facilityDetails.do?contractCode=NRSO&parkId=71593,RANCHERIA,101
71720,/camping/recreation-point/r/facilityDetails.do?contractCode=NRSO&parkId=71720,RECREATION POINT,1
70562,/camping/red-feather-california/r/facilityDetails.do?contractCode=NRSO&parkId=70562,RED FEATHER CALIFORNIA,56
70612,/camping/red-fir/r/facilityDetails.do?contractCode=NRSO&parkId=70612,RED FIR,0
71608,/camping/redwood-meadow/r/facilityDetails.do?contractCode=NRSO&parkId=71608,REDWOOD MEADOW,4
120075,/camping/refugio-sb/r/facilityDetails.do?contractCode=CA&parkId=120075,REFUGIO SB,0
72148,/camping/reversed-creek-campground/r/facilityDetails.do?contractCode=NRSO&parkId=72148,REVERSED CREEK CAMPGROUND,0
120076,/camping/richardson-grove-sp/r/facilityDetails.do?contractCode=CA&parkId=120076,RICHARDSON GROVE SP,0
70317,/camping/robinson-creek-north/r/facilityDetails.do?contractCode=NRSO&parkId=70317,ROBINSON CREEK NORTH,0
71943,/camping/robinson-creek-south/r/facilityDetails.do?contractCode=NRSO&parkId=71943,ROBINSON CREEK SOUTH,0
71598,/camping/rock-creek-sierra-natl-fores/r/facilityDetails.do?contractCode=NRSO&parkId=71598,ROCK CREEK (SIERRA NATL FORES,0
73836,/camping/rock-creek-lake/r/facilityDetails.do?contractCode=NRSO&parkId=73836,ROCK CREEK LAKE,0
75439,/camping/rocky-rest/r/facilityDetails.do?contractCode=NRSO&parkId=75439,ROCKY REST,0
73569,/camping/running-deer-campground/r/facilityDetails.do?contractCode=NRSO&parkId=73569,RUNNING DEER CAMPGROUND,38
70164,/camping/sage-hill/r/facilityDetails.do?contractCode=NRSO&parkId=70164,SAGE HILL,2
75430,/camping/salmon-creek/r/facilityDetails.do?contractCode=NRSO&parkId=75430,SALMON CREEK,19
120080,/camping/salt-point-sp/r/facilityDetails.do?contractCode=CA&parkId=120080,SALT POINT SP,2
120079,/camping/salton-sea-sra/r/facilityDetails.do?contractCode=CA&parkId=120079,SALTON SEA SRA,0
120081,/camping/samuel-p-taylor-sp/r/facilityDetails.do?contractCode=CA&parkId=120081,SAMUEL P. TAYLOR SP,1
120082,/camping/san-clemente-sb/r/facilityDetails.do?contractCode=CA&parkId=120082,SAN CLEMENTE SB,0
120083,/camping/san-elijo-sb/r/facilityDetails.do?contractCode=CA&parkId=120083,SAN ELIJO SB,0
70182,/camping/san-gorgonio/r/facilityDetails.do?contractCode=NRSO&parkId=70182,SAN GORGONIO,47
120084,/camping/san-luis-reservoir-sra/r/facilityDetails.do?contractCode=CA&parkId=120084,SAN LUIS RESERVOIR SRA,136
70983,/camping/san-miguel-island/r/facilityDetails.do?contractCode=NRSO&parkId=70983,SAN MIGUEL ISLAND,9
120085,/camping/san-onofre-sb/r/facilityDetails.do?contractCode=CA&parkId=120085,SAN ONOFRE SB,1
120086,/camping/san-simeon-sp/r/facilityDetails.do?contractCode=CA&parkId=120086,SAN SIMEON SP,165
72076,/camping/sandy-flat/r/facilityDetails.do?contractCode=NRSO&parkId=72076,SANDY FLAT,33
70982,/camping/santa-barbara-island/r/facilityDetails.do?contractCode=NRSO&parkId=70982,SANTA BARBARA ISLAND,0
70981,/camping/santa-cruz-del-norte-backcountry/r/facilityDetails.do?contractCode=NRSO&parkId=70981,SANTA CRUZ DEL NORTE BACKCOUNTRY,0
70980,/camping/santa-cruz-scorpion/r/facilityDetails.do?contractCode=NRSO&parkId=70980,SANTA CRUZ SCORPION,0
70979,/camping/santa-rosa-island/r/facilityDetails.do?contractCode=NRSO&parkId=70979,SANTA ROSA ISLAND,4
75265,/camping/sarah-totten-campground/r/facilityDetails.do?contractCode=NRSO&parkId=75265,SARAH TOTTEN CAMPGROUND,2
75429,/camping/sardine-lake/r/facilityDetails.do?contractCode=NRSO&parkId=75429,SARDINE LAKE,0
70533,/camping/serrano/r/facilityDetails.do?contractCode=NRSO&parkId=70533,SERRANO,0
73900,/camping/shady-cove-group-campground/r/facilityDetails.do?contractCode=NRSO&parkId=73900,SHADY COVE GROUP CAMPGROUND,0
70567,/camping/sherwin-creek/r/facilityDetails.do?contractCode=NRSO&parkId=70567,SHERWIN CREEK,47
71675,/camping/shirttail-creek/r/facilityDetails.do?contractCode=NRSO&parkId=71675,SHIRTTAIL CREEK,16
110550,/camping/sibley-volcanic-regional-preserve/r/facilityDetails.do?contractCode=EB&parkId=110550,Sibley Volcanic Regional Preserve,0
75435,/camping/sierra/r/facilityDetails.do?contractCode=NRSO&parkId=75435,SIERRA,14
70460,/camping/silver-creek/r/facilityDetails.do?contractCode=NRSO&parkId=70460,Silver Creek,0
74160,/camping/silver-creek-group-campground/r/facilityDetails.do?contractCode=NRSO&parkId=74160,SILVER CREEK GROUP CAMPGROUND,0
71672,/camping/silver-creektruckee/r/facilityDetails.do?contractCode=NRSO&parkId=71672,SILVER CREEK-TRUCKEE,13
75194,/camping/silver-lake-campground-june-lake-ca/r/facilityDetails.do?contractCode=NRSO&parkId=75194,SILVER LAKE CAMPGROUND JUNE LAKE (CA,7
70555,/camping/silver-lake-east-eldorado/r/facilityDetails.do?contractCode=NRSO&parkId=70555,SILVER LAKE EAST- ELDORADO,0
71673,/camping/silvertip-group/r/facilityDetails.do?contractCode=NRSO&parkId=71673,SILVERTIP GROUP,0
120088,/camping/silverwood-lake-sra/r/facilityDetails.do?contractCode=CA&parkId=120088,SILVERWOOD LAKE SRA,40
70327,/camping/skyline/r/facilityDetails.do?contractCode=NRSO&parkId=70327,SKYLINE,0
120089,/camping/sonoma-coast-sb/r/facilityDetails.do?contractCode=CA&parkId=120089,SONOMA COAST SB,0
71669,/camping/soquel-campground/r/facilityDetails.do?contractCode=NRSO&parkId=71669,SOQUEL CAMPGROUND,9
120090,/camping/south-carlsbad-sb/r/facilityDetails.do?contractCode=CA&parkId=120090,SOUTH CARLSBAD SB,0
73802,/camping/south-fork-group-ca/r/facilityDetails.do?contractCode=NRSO&parkId=73802,SOUTH FORK GROUP (CA),0
74125,/camping/south-shore-campground/r/facilityDetails.do?contractCode=NRSO&parkId=74125,SOUTH SHORE CAMPGROUND,7
75247,/camping/spanish-creek-campground/r/facilityDetails.do?contractCode=NRSO&parkId=75247,SPANISH CREEK CAMPGROUND,0
71578,/camping/spring-cove/r/facilityDetails.do?contractCode=NRSO&parkId=71578,SPRING COVE,0
71612,/camping/spring-creek/r/facilityDetails.do?contractCode=NRSO&parkId=71612,SPRING CREEK,0
120091,/camping/standishhickey-sra/r/facilityDetails.do?contractCode=CA&parkId=120091,STANDISH-HICKEY SRA,89
70753,/camping/stoney-group-shastatrinity/r/facilityDetails.do?contractCode=NRSO&parkId=70753,STONEY GROUP SHASTA-TRINITY,0
71554,/camping/stony-creek-sequoia/r/facilityDetails.do?contractCode=NRSO&parkId=71554,STONY CREEK SEQUOIA,26
70336,/camping/stumpy-meadows/r/facilityDetails.do?contractCode=NRSO&parkId=70336,STUMPY MEADOWS,27
120093,/camping/sugar-pine-point-sp/r/facilityDetails.do?contractCode=CA&parkId=120093,SUGAR PINE POINT SP,0
120092,/camping/sugarloaf-ridge-sp/r/facilityDetails.do?contractCode=CA&parkId=120092,SUGARLOAF RIDGE SP,15
73745,/camping/summerdale-campground/r/facilityDetails.do?contractCode=NRSO&parkId=73745,SUMMERDALE CAMPGROUND,16
74047,/camping/summit-lake-north/r/facilityDetails.do?contractCode=NRSO&parkId=74047,SUMMIT LAKE NORTH,2
74046,/camping/summit-lake-south/r/facilityDetails.do?contractCode=NRSO&parkId=74046,SUMMIT LAKE SOUTH,0
110028,/camping/sunol/r/facilityDetails.do?contractCode=EB&parkId=110028,Sunol,0
110283,/camping/sunset-campground-ca/r/facilityDetails.do?contractCode=NRSO&parkId=110283,SUNSET CAMPGROUND (CA),0
120094,/camping/sunset-sb/r/facilityDetails.do?contractCode=CA&parkId=120094,SUNSET SB,0
70310,/camping/sunsetunion-valley/r/facilityDetails.do?contractCode=NRSO&parkId=70310,SUNSET-UNION VALLEY,0
71665,/camping/sweetwater/r/facilityDetails.do?contractCode=NRSO&parkId=71665,SWEETWATER,9
75545,/camping/sycamore-grove-campground/r/facilityDetails.do?contractCode=NRSO&parkId=75545,SYCAMORE GROVE CAMPGROUND,30
73585,/camping/table-mountain-angeles/r/facilityDetails.do?contractCode=NRSO&parkId=73585,TABLE MOUNTAIN (ANGELES),35
70522,/camping/table-mountain-inyo/r/facilityDetails.do?contractCode=NRSO&parkId=70522,TABLE MOUNTAIN (INYO),0
120095,/camping/tahoe-sra/r/facilityDetails.do?contractCode=CA&parkId=120095,TAHOE SRA,0
70180,/camping/tanglewood-group-camp/r/facilityDetails.do?contractCode=NRSO&parkId=70180,TANGLEWOOD GROUP CAMP,0
70516,/camping/tannery/r/facilityDetails.do?contractCode=NRSO&parkId=70516,TANNERY,50
125740,/camping/ten-mile-campground-ca/r/facilityDetails.do?contractCode=NRSO&parkId=125740,TEN MILE CAMPGROUND (CA),0
73960,/camping/tent-peg-group/r/facilityDetails.do?contractCode=NRSO&parkId=73960,TENT PEG GROUP,0
71667,/camping/texas-flats/r/facilityDetails.do?contractCode=NRSO&parkId=71667,TEXAS FLATS,0
71570,/camping/tillie-creek/r/facilityDetails.do?contractCode=NRSO&parkId=71570,TILLIE CREEK,77
70832,/camping/trailhead-group/r/facilityDetails.do?contractCode=NRSO&parkId=70832,TRAILHEAD GROUP,0
75332,/camping/tree-of-heaven-campground/r/facilityDetails.do?contractCode=NRSO&parkId=75332,TREE OF HEAVEN CAMPGROUND,15
72331,/camping/trimmer-campground/r/facilityDetails.do?contractCode=NRSO&parkId=72331,TRIMMER CAMPGROUND,8
70349,/camping/trumbull-lake/r/facilityDetails.do?contractCode=NRSO&parkId=70349,TRUMBULL LAKE,0
70523,/camping/tuff-campground/r/facilityDetails.do?contractCode=NRSO&parkId=70523,TUFF CAMPGROUND,15
73451,/camping/tule/r/facilityDetails.do?contractCode=NRSO&parkId=73451,TULE,81
70556,/camping/tunnel-mills-ii/r/facilityDetails.do?contractCode=NRSO&parkId=70556,TUNNEL MILLS II,1
70926,/camping/tuolumne-meadows/r/facilityDetails.do?contractCode=NRSO&parkId=70926,TUOLUMNE MEADOWS,0
120096,/camping/turlock-lake-sra/r/facilityDetails.do?contractCode=CA&parkId=120096,TURLOCK LAKE SRA,44
74079,/camping/tuttletown-recreation-area/r/facilityDetails.do?contractCode=NRSO&parkId=74079,TUTTLETOWN RECREATION AREA,7
75193,/camping/twin-lakes-campground/r/facilityDetails.do?contractCode=NRSO&parkId=75193,TWIN LAKES CAMPGROUND,0
940011,/camping/two-harbors-campground/r/facilityDetails.do?contractCode=CTLN&parkId=940011,TWO HARBORS CAMPGROUND,0
75424,/camping/union-flat/r/facilityDetails.do?contractCode=NRSO&parkId=75424,UNION FLAT,4
71588,/camping/upper-billy-creek-cg/r/facilityDetails.do?contractCode=NRSO&parkId=71588,UPPER BILLY CREEK CG,0
71718,/camping/upper-little-truckee/r/facilityDetails.do?contractCode=NRSO&parkId=71718,UPPER LITTLE TRUCKEE,17
70165,/camping/upper-oso-campground/r/facilityDetails.do?contractCode=NRSO&parkId=70165,UPPER OSO CAMPGROUND,4
70925,/camping/upper-pines/r/facilityDetails.do?contractCode=NRSO&parkId=70925,UPPER PINES,0
70524,/camping/upper-sage-flat/r/facilityDetails.do?contractCode=NRSO&parkId=70524,UPPER SAGE FLAT,0
94468,/camping/upper-stony-creek-campground/r/facilityDetails.do?contractCode=NRSO&parkId=94468,UPPER STONY CREEK CAMPGROUND,11
120097,/camping/vandamme-sp/r/facilityDetails.do?contractCode=CA&parkId=120097,VANDAMME SP,0
71584,/camping/vermillion/r/facilityDetails.do?contractCode=NRSO&parkId=71584,VERMILLION,28
70924,/camping/wawona/r/facilityDetails.do?contractCode=NRSO&parkId=70924,WAWONA,0
70355,/camping/wench-creek/r/facilityDetails.do?contractCode=NRSO&parkId=70355,WENCH CREEK,0
70392,/camping/wheeler-gorge/r/facilityDetails.do?contractCode=NRSO&parkId=70392,WHEELER GORGE,36
70647,/camping/white-cloud/r/facilityDetails.do?contractCode=NRSO&parkId=70647,WHITE CLOUD,26
71539,/camping/white-river/r/facilityDetails.do?contractCode=NRSO&parkId=71539,WHITE RIVER,5
109333,/camping/whitehorse-campground/r/facilityDetails.do?contractCode=NRSO&parkId=109333,WHITEHORSE CAMPGROUND,0
70357,/camping/whitney-portal/r/facilityDetails.do?contractCode=NRSO&parkId=70357,WHITNEY PORTAL,0
73497,/camping/wild-horse-equestrian-family/r/facilityDetails.do?contractCode=NRSO&parkId=73497,WILD HORSE EQUESTRIAN FAMILY,8
75434,/camping/wild-plum/r/facilityDetails.do?contractCode=NRSO&parkId=75434,WILD PLUM,33
71585,/camping/wishon/r/facilityDetails.do?contractCode=NRSO&parkId=71585,WISHON,15
71721,/camping/wishon-bass-lake/r/facilityDetails.do?contractCode=NRSO&parkId=71721,WISHON BASS LAKE,32
70757,/camping/wolf-creek-california/r/facilityDetails.do?contractCode=NRSO&parkId=70757,WOLF CREEK CALIFORNIA,0
71520,/camping/woodcamp-campground/r/facilityDetails.do?contractCode=NRSO&parkId=71520,WOODCAMP CAMPGROUND,9
70150,/camping/wooded-hill-group/r/facilityDetails.do?contractCode=NRSO&parkId=70150,WOODED HILL GROUP,0
120098,/camping/woodson-bridge-sra/r/facilityDetails.do?contractCode=CA&parkId=120098,WOODSON BRIDGE SRA,34
1040012,/camping/woodward-reservoir-regional-park/r/facilityDetails.do?contractCode=STAN&parkId=1040012,WOODWARD RESERVOIR REGIONAL PARK,49
70152,/camping/wrights-lake/r/facilityDetails.do?contractCode=NRSO&parkId=70152,WRIGHTS LAKE,0
72430,/camping/wyandotte-a-campground/r/facilityDetails.do?contractCode=NRSO&parkId=72430,WYANDOTTE A CAMPGROUND,12
70359,/camping/yellowjacket/r/facilityDetails.do?contractCode=NRSO&parkId=70359,YELLOWJACKET,0
